,Client_1,Client_10,Client_2,Client_3,Client_4,Client_5,Client_6,Client_7,Client_8,Client_9
TWR,-0.9826966064553532,-0.9911358513952988,-0.9928763861557803,-0.9944863530899192,-0.9794849290305979,-0.8864218009279309,-0.9978815438715505,-0.973598516170896,-0.94680447926899,-0.971305376303333
