,Client_1,Client_10,Client_2,Client_3,Client_4,Client_5,Client_6,Client_7,Client_8,Client_9
TWR,-0.8825284885319933,-0.8473927263412808,-0.9639367049136377,-0.9712017096871699,-0.8618907351856359,0.0778229573883702,-0.9823179259989567,-0.7288881764823172,-0.5867232805752851,-0.9258052448824319
